-- MySQL dump 10.13  Distrib 8.0.18, for Win64 (x86_64)
--
-- Host: localhost    Database: wk_teste
-- ------------------------------------------------------
-- Server version	5.7.23

/*!40101 SET @OLD_CHARACTER_SET_CLIENT=@@CHARACTER_SET_CLIENT */;
/*!40101 SET @OLD_CHARACTER_SET_RESULTS=@@CHARACTER_SET_RESULTS */;
/*!40101 SET @OLD_COLLATION_CONNECTION=@@COLLATION_CONNECTION */;
/*!50503 SET NAMES utf8 */;
/*!40103 SET @OLD_TIME_ZONE=@@TIME_ZONE */;
/*!40103 SET TIME_ZONE='+00:00' */;
/*!40014 SET @OLD_UNIQUE_CHECKS=@@UNIQUE_CHECKS, UNIQUE_CHECKS=0 */;
/*!40014 SET @OLD_FOREIGN_KEY_CHECKS=@@FOREIGN_KEY_CHECKS, FOREIGN_KEY_CHECKS=0 */;
/*!40101 SET @OLD_SQL_MODE=@@SQL_MODE, SQL_MODE='NO_AUTO_VALUE_ON_ZERO' */;
/*!40111 SET @OLD_SQL_NOTES=@@SQL_NOTES, SQL_NOTES=0 */;

--
-- Table structure for table `clientes`
--

DROP TABLE IF EXISTS `clientes`;
/*!40101 SET @saved_cs_client     = @@character_set_client */;
/*!50503 SET character_set_client = utf8mb4 */;
CREATE TABLE `clientes` (
  `id` int(11) NOT NULL AUTO_INCREMENT,
  `nome` varchar(150) DEFAULT NULL,
  `cidade` varchar(150) DEFAULT NULL,
  `uf` char(2) DEFAULT NULL,
  PRIMARY KEY (`id`),
  KEY `idx_cliente_nome` (`nome`)
) ENGINE=InnoDB AUTO_INCREMENT=22 DEFAULT CHARSET=utf8;
/*!40101 SET character_set_client = @saved_cs_client */;

--
-- Dumping data for table `clientes`
--

LOCK TABLES `clientes` WRITE;
/*!40000 ALTER TABLE `clientes` DISABLE KEYS */;
INSERT INTO `clientes` VALUES (1, 'MONYELE JHEOVANA SOUZA', 'TANGARÁ DA SERRA', 'MT'),
    (2, 'LEONARDO HENRIQUE AMARAL DE AMARIJO OLIVEIRA', 'RONDONÓPOLIS', 'MT'),
    (3, 'JOSÉ LEONARDO ANDRADE', 'TANGARÁ DA SERRA', 'MT'),
    (4, 'YARA CORREA BORGES', 'TANGARÁ DA SERRA', 'MT'),
    (5, 'RAQUEL DA SILVA ALVES', 'TANGARÁ DA SERRA', 'MT'),
    (6, 'NILZELI CARDOSO MOREIRA', 'TANGARÁ DA SERRA', 'MT'),
    (7, 'NATIELLY CARDOSO DOS SANTOS', 'TANGARÁ DA SERRA', 'MT'),
    (8, 'TAILA TAIS DE ARRUDA ', 'CUIABÁ', 'MT'),
    (9, 'ADRIANA DA COSTA DA SILVA', 'DIAMANTINO', 'MT'),
    (10, 'PAULINA DOMINGAS DA COSTA', 'CUIABÁ', 'MT'),
    (11, 'MARCELO ESTRAL FERREIRA', 'CUIABÁ', 'MT'),
    (12, 'JUCIMARA VICENCIA DE CAMPOS', 'CUIABÁ', 'MT'),
    (13, 'ANDREA DA COSTA ANJOS', 'CUIABÁ', 'MT'),
    (14, 'VILZA PEREIRA DOS SANTOS SOUZA', 'CUIABÁ', 'MT'),
    (15, 'PAMELA SOUZA DA SILVA ', 'CUIABÁ', 'MT'),
    (16, 'RODRIGO DA COSTA DE MORAES', 'CUIABÁ', 'MT'),
    (17, 'ROBERTO  CARLOS VIANA', 'VÁRZEA GRANDE', 'MT'),
    (18, 'THIAGO FERNANDES DO CARMO', 'CUIABÁ', 'MT'),
    (19, 'ROSINEIA ELIANE DE OLIVEIRA ', 'CUIABÁ', 'MT'),
    (20, 'LUCIANA DOS SANTOS HENRIQUE DA SILVA', 'TANGARÁ DA SERRA', 'MT'),
    (21, 'PATRICK ALAN FERREIRA WURMSTICH', 'TANGARÁ DA SERRA', 'MT');
/*!40000 ALTER TABLE `clientes` ENABLE KEYS */;
UNLOCK TABLES;

--
-- Table structure for table `pedidos`
--

DROP TABLE IF EXISTS `pedidos`;
/*!40101 SET @saved_cs_client     = @@character_set_client */;
/*!50503 SET character_set_client = utf8mb4 */;
CREATE TABLE `pedidos` (
  `id` int(11) NOT NULL AUTO_INCREMENT,
  `cliente_id` int(11) DEFAULT NULL,
  `data_emissao` datetime DEFAULT NULL,
  `valor_total` decimal(20,4) DEFAULT NULL,
  PRIMARY KEY (`id`),
  KEY `fk_pedido_cliente_idx` (`cliente_id`),
  KEY `fk_pedido_data_emissao` (`data_emissao`),
  CONSTRAINT `fk_pedido_cliente` FOREIGN KEY (`cliente_id`) REFERENCES `clientes` (`id`) ON DELETE NO ACTION ON UPDATE NO ACTION
) ENGINE=InnoDB AUTO_INCREMENT=6 DEFAULT CHARSET=utf8;
/*!40101 SET character_set_client = @saved_cs_client */;

--
-- Dumping data for table `pedidos`
--

LOCK TABLES `pedidos` WRITE;
/*!40000 ALTER TABLE `pedidos` DISABLE KEYS */;
INSERT INTO `pedidos` VALUES (3,1,'2021-02-14 19:26:55',1188.4400),(4,9,'2021-02-14 19:28:22',889.6800),(5,18,'2021-02-14 19:28:58',1056.3700);
/*!40000 ALTER TABLE `pedidos` ENABLE KEYS */;
UNLOCK TABLES;

--
-- Table structure for table `pedidos_produtos`
--

DROP TABLE IF EXISTS `pedidos_produtos`;
/*!40101 SET @saved_cs_client     = @@character_set_client */;
/*!50503 SET character_set_client = utf8mb4 */;
CREATE TABLE `pedidos_produtos` (
  `id` int(11) NOT NULL AUTO_INCREMENT,
  `pedido_id` int(11) DEFAULT NULL,
  `produto_id` int(11) DEFAULT NULL,
  `quantidade` int(11) DEFAULT NULL,
  `valor_unitario` decimal(20,4) DEFAULT NULL,
  `valor_total` decimal(20,4) DEFAULT NULL,
  PRIMARY KEY (`id`),
  KEY `fk_pedido_produto_idx` (`produto_id`),
  KEY `fk_pedido_pedido_idx` (`pedido_id`),
  CONSTRAINT `fk_pedido_pedidos` FOREIGN KEY (`pedido_id`) REFERENCES `pedidos` (`id`) ON DELETE NO ACTION ON UPDATE NO ACTION,
  CONSTRAINT `fk_pedido_produtos` FOREIGN KEY (`produto_id`) REFERENCES `produtos` (`id`) ON DELETE NO ACTION ON UPDATE NO ACTION
) ENGINE=InnoDB AUTO_INCREMENT=14 DEFAULT CHARSET=utf8;
/*!40101 SET character_set_client = @saved_cs_client */;

--
-- Dumping data for table `pedidos_produtos`
--

LOCK TABLES `pedidos_produtos` WRITE;
/*!40000 ALTER TABLE `pedidos_produtos` DISABLE KEYS */;
INSERT INTO `pedidos_produtos` VALUES (4,3,15,1,115.0000,115.0000),(5,3,6,1,350.0000,350.0000),(6,3,5,5,145.0000,724.0000),(7,4,20,2,77.0000,154.0000),(8,4,17,2,135.0000,270.0000),(9,4,1,1,466.0000,466.0000),(10,5,13,5,44.0000,220.0000),(11,5,11,1,342.0000,342.0000),(12,5,5,1,145.0000,145.0000),(13,5,6,1,350.0000,350.0000);
/*!40000 ALTER TABLE `pedidos_produtos` ENABLE KEYS */;
UNLOCK TABLES;

--
-- Table structure for table `produtos`
--

DROP TABLE IF EXISTS `produtos`;
/*!40101 SET @saved_cs_client     = @@character_set_client */;
/*!50503 SET character_set_client = utf8mb4 */;
CREATE TABLE `produtos` (
  `id` int(11) NOT NULL AUTO_INCREMENT,
  `descricao` varchar(200) DEFAULT NULL,
  `preco_venda` decimal(20,4) DEFAULT NULL,
  PRIMARY KEY (`id`),
  KEY `idx_produto_descricao` (`descricao`)
) ENGINE=InnoDB AUTO_INCREMENT=21 DEFAULT CHARSET=utf8;
/*!40101 SET character_set_client = @saved_cs_client */;

--
-- Dumping data for table `produtos`
--

LOCK TABLES `produtos` WRITE;
/*!40000 ALTER TABLE `produtos` DISABLE KEYS */;
INSERT INTO `produtos` VALUES (1,'2 AMORTECEDOR FIAT STRADA 2001 A 2018 DIANTEIRO TURBOGÁS COFAP',466.3000),(2,'FILTRO ÓLEO FIAT UNO 1.0 1.4 2008 A 2016 TECFIL',10.2200),(3,'RADIADOR FIAT UNO 1.0 1.4 8V 2011 A 2016 COM AR SEM AR DENSO',187.1500),(4,'PIVÔ SUSPENSÃO UNO 84 A 2012 DIANTEIRO MOTORISTA PASSAGEIRO NAKATA',34.1000),(5,'AMORTECEDOR UNO 88 A 2016 DIANTEIRO MOTORISTA PASSAGEIRO NAKATA SE327601',144.7600),(6,'2 AMORTECEDOR FIAT UNO MILLE 88 A 2016 DIANTEIRO MOTORISTA PASSAGEIRO NAKATA',349.7400),(7,'BARRA AXIAL DIREÇÃO HIDRÁULICA PALIO 2001 A 2017 MOTORISTA PASSAGEIRO VIEMAR',32.9000),(8,'TERMINAL DIREÇÃO FIAT UNO MILLE ECONOMY 2009 A 2013 DIANTEIRO MOTORISTA',31.5500),(9,'CUBO RODA UNO MILLE 1.0 90 A 2013 TRASEIRO COM ROLAMENTO HIPPER FREIOS',56.0000),(10,'AMORTECEDOR FIAT PUNTO 2008 A 2017 DIANTEIRO MOTORISTA COFAP GP32643',299.3000),(11,'KIT EMBREAGEM FIAT PALIO 1.6 96 A 2003 LUK 6203029000',341.8700),(12,'SAPATA LONA FREIO PALIO WEEKEND 98 A 2017 FRASLE',72.0000),(13,'CORREIA DENTADA FIAT PALIO 1.0 1.4 2006 A 2017 CONTITECH',44.0000),(14,'COXIM AMORTECEDOR FIAT STRADA 99 A 2020 DIANTEIRO MOTORISTA PASSAGEIRO',55.1500),(15,'VIRABREQUIM EIXO MOTOR PALIO 1.0 8V 2001 A 2017 FIAT ORIGINAL 46778915',114.9000),(16,'PAR TAMBOR FREIO FIAT PALIO 96 A 2014 TRASEIRO SEM CUBO HIPPER FREIOS',77.8600),(17,'AMORTECEDOR FIAT SIENA 97 A 2016 TRASEIRO MOTORISTA PASSAGEIRO COFAP',134.8100),(18,'KIT EMBREAGEM FIAT PALIO 1.4 EVO 2012 A 2017 TETRAFUEL LUK 6193004000',374.5800),(19,'JUNTA HOMOCINÉTICA RODA FIAT STRADA 1.8 2003 A 2010 NAKATA',145.8300),(20,'PAR TAMBOR FREIO FIAT UNO 85 A 2013 TRASEIRO SEM CUBO HIPPER FREIOS',76.8800);
/*!40000 ALTER TABLE `produtos` ENABLE KEYS */;
UNLOCK TABLES;
/*!40103 SET TIME_ZONE=@OLD_TIME_ZONE */;

/*!40101 SET SQL_MODE=@OLD_SQL_MODE */;
/*!40014 SET FOREIGN_KEY_CHECKS=@OLD_FOREIGN_KEY_CHECKS */;
/*!40014 SET UNIQUE_CHECKS=@OLD_UNIQUE_CHECKS */;
/*!40101 SET CHARACTER_SET_CLIENT=@OLD_CHARACTER_SET_CLIENT */;
/*!40101 SET CHARACTER_SET_RESULTS=@OLD_CHARACTER_SET_RESULTS */;
/*!40101 SET COLLATION_CONNECTION=@OLD_COLLATION_CONNECTION */;
/*!40111 SET SQL_NOTES=@OLD_SQL_NOTES */;

-- Dump completed on 2021-02-14 19:41:50
